SET @OLD_UNIQUE_CHECKS=@@UNIQUE_CHECKS, UNIQUE_CHECKS=0;
SET @OLD_FOREIGN_KEY_CHECKS=@@FOREIGN_KEY_CHECKS, FOREIGN_KEY_CHECKS=0;
SET @OLD_SQL_MODE=@@SQL_MODE, SQL_MODE='ONLY_FULL_GROUP_BY,STRICT_TRANS_TABLES,NO_ZERO_IN_DATE,NO_ZERO_DATE,ERROR_FOR_DIVISION_BY_ZERO,NO_ENGINE_SUBSTITUTION';

-- -----------------------------------------------------
-- Schema normal_products
-- -----------------------------------------------------

CREATE SCHEMA IF NOT EXISTS `normal_products` DEFAULT CHARACTER SET utf8 ;
USE `normal_products` ;

-- -----------------------------------------------------
-- Table `normal_products`.`Product`
-- -----------------------------------------------------
CREATE TABLE IF NOT EXISTS `normal_products`.`Product` (
  `id_Product` INT NOT NULL AUTO_INCREMENT,
  `Name` VARCHAR(45) NULL,
  `Type` VARCHAR(45) NULL,
  PRIMARY KEY (`id_Product`),
  UNIQUE INDEX `idProduct_UNIQUE` (`id_Product` ASC) VISIBLE)
ENGINE = InnoDB;


-- -----------------------------------------------------
-- Table `normal_products`.`Provider`
-- -----------------------------------------------------
CREATE TABLE IF NOT EXISTS `normal_products`.`Provider` (
  `id_Provider` INT NOT NULL AUTO_INCREMENT,
  `Product_id_Product` INT NOT NULL,
  `Provider` VARCHAR(45) NULL,
  `City_Provider` VARCHAR(45) NULL,
  `Amount` INT NULL,
  `Date_Post` DATE NULL,
  PRIMARY KEY (`id_Provider`),
  UNIQUE INDEX `id_Provider_UNIQUE` (`id_Provider` ASC) VISIBLE,
  INDEX `fk_Provider_Product1_idx` (`Product_id_Product` ASC) VISIBLE,
  CONSTRAINT `fk_Provider_Product1`
    FOREIGN KEY (`Product_id_Product`)
    REFERENCES `normal_products`.`Product` (`id_Product`)
    ON DELETE NO ACTION
    ON UPDATE NO ACTION)
ENGINE = InnoDB;


-- -----------------------------------------------------
-- Table `normal_products`.`Par_Product`
-- -----------------------------------------------------
CREATE TABLE IF NOT EXISTS `normal_products`.`Par_Product` (
  `id_Par_Product` INT NOT NULL AUTO_INCREMENT,
  `Product_id_Product` INT NOT NULL,
  `Price` FLOAT NULL,
  `SG` INT NULL,
  `Date_Pro` DATE NULL,
  PRIMARY KEY (`id_Par_Product`),
  UNIQUE INDEX `id_Par_Product_UNIQUE` (`id_Par_Product` ASC) VISIBLE,
  INDEX `fk_Par_Product_Product_idx` (`Product_id_Product` ASC) VISIBLE,
  CONSTRAINT `fk_Par_Product_Product`
    FOREIGN KEY (`Product_id_Product`)
    REFERENCES `normal_products`.`Product` (`id_Product`)
    ON DELETE NO ACTION
    ON UPDATE NO ACTION)
ENGINE = InnoDB;


SET SQL_MODE=@OLD_SQL_MODE;
SET FOREIGN_KEY_CHECKS=@OLD_FOREIGN_KEY_CHECKS;
SET UNIQUE_CHECKS=@OLD_UNIQUE_CHECKS;

INSERT INTO PRODUCT (ID_PRODUCT, NAME, TYPE) VALUES (1, 'молоко', 'молочная продукция');
INSERT INTO PRODUCT (ID_PRODUCT, NAME, TYPE) VALUES (2, 'стиральная машина', 'электроника');
INSERT INTO PRODUCT (ID_PRODUCT, NAME, TYPE) VALUES (3, 'пенталгин', 'лекарства');
INSERT INTO PRODUCT (ID_PRODUCT, NAME, TYPE) VALUES (4, 'телевизор', 'электроника');
INSERT INTO PRODUCT (ID_PRODUCT, NAME, TYPE) VALUES (5, 'ветчина', 'мясные изделия');
INSERT INTO PRODUCT (ID_PRODUCT, NAME, TYPE) VALUES (6, 'анальгин', 'лекарства');
INSERT INTO PRODUCT (ID_PRODUCT, NAME, TYPE) VALUES (7, 'аспирин', 'лекарства');
INSERT INTO PRODUCT (ID_PRODUCT, NAME, TYPE) VALUES (8, 'кефир', 'молочная продукция');
INSERT INTO PRODUCT (ID_PRODUCT, NAME, TYPE) VALUES (9, 'творог', 'молочная продукция');
INSERT INTO PRODUCT (ID_PRODUCT, NAME, TYPE) VALUES (10, 'колбаса копченая', 'мясные изделия');
INSERT INTO PRODUCT (ID_PRODUCT, NAME, TYPE) VALUES (11, 'бифидок', 'молочная продукция');
INSERT INTO PRODUCT (ID_PRODUCT, NAME, TYPE) VALUES (12, 'торт', 'кондитерские изделия');

COMMIT WORK;

INSERT INTO PROVIDER (ID_PROVIDER, PRODUCT_ID_PRODUCT, DATE_POST, AMOUNT, PROVIDER, CITY_PROVIDER) VALUES (1, 1, '2021-10-18 00:00:00', 50, 'МолПром', 'Барнаул');
INSERT INTO PROVIDER (ID_PROVIDER, PRODUCT_ID_PRODUCT, DATE_POST, AMOUNT, PROVIDER, CITY_PROVIDER) VALUES (2, 2, '2020-02-12 00:00:00', 1500, 'DNS', 'Москва');
INSERT INTO PROVIDER (ID_PROVIDER, PRODUCT_ID_PRODUCT, DATE_POST, AMOUNT, PROVIDER, CITY_PROVIDER) VALUES (3, 3, '2021-07-28 00:00:00', 15, 'ФармСтанд', 'Новосибирск');
INSERT INTO PROVIDER (ID_PROVIDER, PRODUCT_ID_PRODUCT, DATE_POST, AMOUNT, PROVIDER, CITY_PROVIDER) VALUES (4, 4, '2021-05-15 00:00:00', 800, 'DNS', 'Санкт-Петербург');
INSERT INTO PROVIDER (ID_PROVIDER, PRODUCT_ID_PRODUCT, DATE_POST, AMOUNT, PROVIDER, CITY_PROVIDER) VALUES (5, 5, '2021-09-28 00:00:00', 23, 'МясКомбКем', 'Кемерово');
INSERT INTO PROVIDER (ID_PROVIDER, PRODUCT_ID_PRODUCT, DATE_POST, AMOUNT, PROVIDER, CITY_PROVIDER) VALUES (6, 6, '2021-07-13 00:00:00', 5, 'ФармФэйм', 'Новосибирск');
INSERT INTO PROVIDER (ID_PROVIDER, PRODUCT_ID_PRODUCT, DATE_POST, AMOUNT, PROVIDER, CITY_PROVIDER) VALUES (7, 7, '2021-06-25 00:00:00', 34, 'ХелфФарм', 'Владивосток');
INSERT INTO PROVIDER (ID_PROVIDER, PRODUCT_ID_PRODUCT, DATE_POST, AMOUNT, PROVIDER, CITY_PROVIDER) VALUES (8, 8, '2021-10-28 00:00:00', 80, 'МолКом', 'Иваново');
INSERT INTO PROVIDER (ID_PROVIDER, PRODUCT_ID_PRODUCT, DATE_POST, AMOUNT, PROVIDER, CITY_PROVIDER) VALUES (9, 9, '2021-10-28 00:00:00', 108, 'МолПром', 'Алейск');
INSERT INTO PROVIDER (ID_PROVIDER, PRODUCT_ID_PRODUCT, DATE_POST, AMOUNT, PROVIDER, CITY_PROVIDER) VALUES (10, 10, '2021-10-21 00:00:00', 18, 'КрасМясКом', 'Краснодар');
INSERT INTO PROVIDER (ID_PROVIDER, PRODUCT_ID_PRODUCT, DATE_POST, AMOUNT, PROVIDER, CITY_PROVIDER) VALUES (11, 11, '2021-10-28 00:00:00', 38, 'МолГор', 'Томск');
INSERT INTO PROVIDER (ID_PROVIDER, PRODUCT_ID_PRODUCT, DATE_POST, AMOUNT, PROVIDER, CITY_PROVIDER) VALUES (12, 12, '2021-10-15 00:00:00', 54, 'Вилли Вонка', 'Липецк');

COMMIT WORK;

INSERT INTO PAR_PRODUCT (ID_PAR_PRODUCT, PRODUCT_ID_PRODUCT, DATE_PRO, PRICE, SG) VALUES (1, 1, '2021-10-17 00:00:00', 48.50, 10);
INSERT INTO PAR_PRODUCT (ID_PAR_PRODUCT, PRODUCT_ID_PRODUCT, DATE_PRO, PRICE, SG) VALUES (2, 2, '2019-10-19 00:00:00', 2399.90, NULL);
INSERT INTO PAR_PRODUCT (ID_PAR_PRODUCT, PRODUCT_ID_PRODUCT, DATE_PRO, PRICE, SG) VALUES (3, 3, '2021-07-23 00:00:00', 159.90, 950);
INSERT INTO PAR_PRODUCT (ID_PAR_PRODUCT, PRODUCT_ID_PRODUCT, DATE_PRO, PRICE, SG) VALUES (4, 4, '2021-04-13 00:00:00', 4390.99, NULL);
INSERT INTO PAR_PRODUCT (ID_PAR_PRODUCT, PRODUCT_ID_PRODUCT, DATE_PRO, PRICE, SG) VALUES (5, 5, '2021-09-26 00:00:00', 312.50, 30);
INSERT INTO PAR_PRODUCT (ID_PAR_PRODUCT, PRODUCT_ID_PRODUCT, DATE_PRO, PRICE, SG) VALUES (6, 6, '2021-07-08 00:00:00', 90.90, 900);
INSERT INTO PAR_PRODUCT (ID_PAR_PRODUCT, PRODUCT_ID_PRODUCT, DATE_PRO, PRICE, SG) VALUES (7, 7, '2021-06-20 00:00:00', 85.60, 960);
INSERT INTO PAR_PRODUCT (ID_PAR_PRODUCT, PRODUCT_ID_PRODUCT, DATE_PRO, PRICE, SG) VALUES (8, 8, '2021-10-27 00:00:00', 46.80, 12);
INSERT INTO PAR_PRODUCT (ID_PAR_PRODUCT, PRODUCT_ID_PRODUCT, DATE_PRO, PRICE, SG) VALUES (9, 9, '2021-10-27 00:00:00', 89.90, 9);
INSERT INTO PAR_PRODUCT (ID_PAR_PRODUCT, PRODUCT_ID_PRODUCT, DATE_PRO, PRICE, SG) VALUES (10, 10, '2021-10-19 00:00:00', 78.90, 24);
INSERT INTO PAR_PRODUCT (ID_PAR_PRODUCT, PRODUCT_ID_PRODUCT, DATE_PRO, PRICE, SG) VALUES (11, 11, '2021-10-27 00:00:00', 45.90, 15);
INSERT INTO PAR_PRODUCT (ID_PAR_PRODUCT, PRODUCT_ID_PRODUCT, DATE_PRO, PRICE, SG) VALUES (12, 12, '2021-10-14 00:00:00', 250.99, 7);

COMMIT WORK;